company,website,industry,location,company_size,description,qualification_status,opportunity_score,priority,qualification_explanation,business_observations,decision_maker,recommended_role,outreach_recommendation,evidence_type,source
FlexPay Technologies,https://www.flexpay.co.ke/,Financial Services,"Nairobi, Kenya",51-200,"Fintech, retail and mobile payments",Qualified,59,Medium Priority,Rule-based score: size=51-200; sector risk=Financial Services; observed exposure=Digital payments + financial data.,Digital payments + financial data,Not verified,CIO / Head of Technology,"Hi {first_name}, I noticed FlexPay Technologies operates in financial services and digital payments + financial data. That combination usually makes visibility around access, data protection and operational security important. Would a short security-readiness discussion be useful?",Verified public profile + website; security need is an inference,Public LinkedIn company profile / company website
Jumia Kenya,https://www.jumia.co.ke/,"Technology, Information and Internet","Nairobi, Kenya",201-500,E-commerce marketplace and digital commerce,Needs Review,48,Low Priority,"Rule-based score: size=201-500; sector risk=Technology, Information and Internet; observed exposure=Large digital customer/transaction footprint.",Large digital customer/transaction footprint,Not verified,CIO / IT Director,"Hi {first_name}, I noticed Jumia Kenya operates in technology, information and internet and large digital customer/transaction footprint. That combination usually makes visibility around access, data protection and operational security important. Would a short security-readiness discussion be useful?",Verified public profile + website; security need is an inference,Public LinkedIn company profile / company website
MFS Technologies Limited,https://www.mfs.co.ke/,Financial Services,"Nairobi, Kenya",51-200,"Financial technology covering payments, lending, e-KYC and data analytics",Qualified,56,Medium Priority,Rule-based score: size=51-200; sector risk=Financial Services; observed exposure=Regulated digital finance + sensitive customer data.,Regulated digital finance + sensitive customer data,Not verified,CTO / Information Security Lead,"Hi {first_name}, I noticed MFS Technologies Limited operates in financial services and regulated digital finance + sensitive customer data. That combination usually makes visibility around access, data protection and operational security important. Would a short security-readiness discussion be useful?",Verified public profile + website; security need is an inference,Public LinkedIn company profile / company website
LendPlus Kenya,https://lendplus.ke/,Financial Services,"Nairobi, Kenya",51-200,Digital lending platform,Qualified,56,Medium Priority,Rule-based score: size=51-200; sector risk=Financial Services; observed exposure=Mobile lending + client verification + financial data.,Mobile lending + client verification + financial data,Not verified,CTO / IT Director,"Hi {first_name}, I noticed LendPlus Kenya operates in financial services and mobile lending + client verification + financial data. That combination usually makes visibility around access, data protection and operational security important. Would a short security-readiness discussion be useful?",Verified public profile + website; security need is an inference,Public LinkedIn company profile / company website
Izwe Kenya,https://www.izwekenya.com/,Financial Services,"Nairobi, Kenya",51-200,Credit provider offering digital and cashless financial services,Qualified,56,Medium Priority,Rule-based score: size=51-200; sector risk=Financial Services; observed exposure=Financial data + regulated operations.,Financial data + regulated operations,Not verified,CIO / IT Director,"Hi {first_name}, I noticed Izwe Kenya operates in financial services and financial data + regulated operations. That combination usually makes visibility around access, data protection and operational security important. Would a short security-readiness discussion be useful?",Verified public profile + website; security need is an inference,Public LinkedIn company profile / company website
Data Integrated Limited (DIL),http://www.dataintegrated.co.ke/,Financial Services,"Nairobi, Kenya",51-200,"Fintech and payment solutions including public transport, POS and payroll",Qualified,56,Medium Priority,Rule-based score: size=51-200; sector risk=Financial Services; observed exposure=Payments + payroll + multiple transaction systems.,Payments + payroll + multiple transaction systems,Not verified,CTO / IT Director,"Hi {first_name}, I noticed Data Integrated Limited (DIL) operates in financial services and payments + payroll + multiple transaction systems. That combination usually makes visibility around access, data protection and operational security important. Would a short security-readiness discussion be useful?",Verified public profile + website; security need is an inference,Public LinkedIn company profile / company website
U&I Microfinance Bank,https://www.uni-microfinance.co.ke/,Banking,"Nairobi, Kenya",51-200,Microfinance bank with multiple branches and digital banking focus,Qualified,63,Medium Priority,Rule-based score: size=51-200; sector risk=Banking; observed exposure=Financial services + multi-branch environment.,Financial services + multi-branch environment,Not verified,IT Manager / CIO,"Hi {first_name}, I noticed U&I Microfinance Bank operates in banking and financial services + multi-branch environment. That combination usually makes visibility around access, data protection and operational security important. Would a short security-readiness discussion be useful?",Verified public profile + website; security need is an inference,Public LinkedIn company profile / company website
Correlaction,https://www.correlaction.com/,Operations Consulting,"Nairobi, Kenya",51-200,Data-driven operations and analytics consultancy,Needs Review,36,Low Priority,Rule-based score: size=51-200; sector risk=Operations Consulting; observed exposure=Data analytics + regional expansion.,Data analytics + regional expansion,Not verified,Head of IT / Data,"Hi {first_name}, I noticed Correlaction operates in operations consulting and data analytics + regional expansion. That combination usually makes visibility around access, data protection and operational security important. Would a short security-readiness discussion be useful?",Verified public profile + website; security need is an inference,Public LinkedIn company profile / company website
Phoenix Capital Limited,http://phoenixcapitalkenya.co.ke/,Financial Services,"Nairobi, Kenya",51-200,Microfinance and SME financing business with multiple branches,Qualified,66,Medium Priority,Rule-based score: size=51-200; sector risk=Financial Services; observed exposure=Financial data + multi-branch operations.,Financial data + multi-branch operations,Not verified,IT Manager / CIO,"Hi {first_name}, I noticed Phoenix Capital Limited operates in financial services and financial data + multi-branch operations. That combination usually makes visibility around access, data protection and operational security important. Would a short security-readiness discussion be useful?",Verified public profile + website; security need is an inference,Public LinkedIn company profile / company website
Adrian Kenya,http://www.adriankenya.com/,Telecommunications,"Nairobi, Kenya",201-500,"Technology and EPC solutions across telecom, ICT, energy and related sectors",Qualified,52,Medium Priority,Rule-based score: size=201-500; sector risk=Telecommunications; observed exposure=Critical infrastructure + distributed operations.,Critical infrastructure + distributed operations,Not verified,CIO / IT Director,"Hi {first_name}, I noticed Adrian Kenya operates in telecommunications and critical infrastructure + distributed operations. That combination usually makes visibility around access, data protection and operational security important. Would a short security-readiness discussion be useful?",Verified public profile + website; security need is an inference,Public LinkedIn company profile / company website
AI Wakforce,https://www.aiwakforce.com/,Information Technology & Services,"Nairobi, Kenya",201-500,"AI/data workforce provider spanning annotation, automation and ML services",Needs Review,48,Low Priority,Rule-based score: size=201-500; sector risk=Information Technology & Services; observed exposure=AI/data workloads + client datasets.,AI/data workloads + client datasets,Not verified,CTO / Security Lead,"Hi {first_name}, I noticed AI Wakforce operates in information technology & services and ai/data workloads + client datasets. That combination usually makes visibility around access, data protection and operational security important. Would a short security-readiness discussion be useful?",Verified public profile + website; security need is an inference,Public LinkedIn company profile / company website
E&M Technology House Ltd,https://www.emtechhouse.co.ke/,Information Technology & Services,"Nairobi, Kenya",201-500,Systems integration and software development for banking and public-sector organizations,Qualified,58,Medium Priority,Rule-based score: size=201-500; sector risk=Information Technology & Services; observed exposure=Banking systems + databases + integrations.,Banking systems + databases + integrations,Not verified,CTO / Information Security Lead,"Hi {first_name}, I noticed E&M Technology House Ltd operates in information technology & services and banking systems + databases + integrations. That combination usually makes visibility around access, data protection and operational security important. Would a short security-readiness discussion be useful?",Verified public profile + website; security need is an inference,Public LinkedIn company profile / company website
Andikka Technologies,https://andikka.com/,Business Consulting and Services,"Nairobi, Kenya",201-500,"BPO/ITES provider covering technical support, data, analytics and cybersecurity",Needs Review,34,Low Priority,Rule-based score: size=201-500; sector risk=Business Consulting and Services; observed exposure=BPO + customer data + large workforce.,BPO + customer data + large workforce,Not verified,Head of IT / Security,"Hi {first_name}, I noticed Andikka Technologies operates in business consulting and services and bpo + customer data + large workforce. That combination usually makes visibility around access, data protection and operational security important. Would a short security-readiness discussion be useful?",Verified public profile + website; security need is an inference,Public LinkedIn company profile / company website
Blue Wave International Limited,http://www.bluewave.co.ke/,IT Services and IT Consulting,"Nairobi, Kenya",201-500,"Technology company spanning software, AI, blockchain and robotics",Needs Review,34,Low Priority,Rule-based score: size=201-500; sector risk=IT Services and IT Consulting; observed exposure=Complex software + AI/data environments.,Complex software + AI/data environments,Not verified,CTO / Security Lead,"Hi {first_name}, I noticed Blue Wave International Limited operates in it services and it consulting and complex software + ai/data environments. That combination usually makes visibility around access, data protection and operational security important. Would a short security-readiness discussion be useful?",Verified public profile + website; security need is an inference,Public LinkedIn company profile / company website
Pensoft,http://www.pensoft.co.ke/,Information Technology & Services,"Nairobi, Kenya",51-200,"IT consulting and software for insurance, pensions, healthcare and fintech",Needs Review,37,Low Priority,Rule-based score: size=51-200; sector risk=Information Technology & Services; observed exposure=Sensitive sector systems + automation.,Sensitive sector systems + automation,Not verified,CTO / Information Security Lead,"Hi {first_name}, I noticed Pensoft operates in information technology & services and sensitive sector systems + automation. That combination usually makes visibility around access, data protection and operational security important. Would a short security-readiness discussion be useful?",Verified public profile + website; security need is an inference,Public LinkedIn company profile / company website
NIIT Kenya,http://www.niitkenya.com/,Information Technology & Services,"Nairobi, Kenya",51-200,IT and enterprise skills/talent development provider,Needs Review,43,Low Priority,Rule-based score: size=51-200; sector risk=Information Technology & Services; observed exposure=Enterprise systems + learner/customer data.,Enterprise systems + learner/customer data,Not verified,IT Director / Security Lead,"Hi {first_name}, I noticed NIIT Kenya operates in information technology & services and enterprise systems + learner/customer data. That combination usually makes visibility around access, data protection and operational security important. Would a short security-readiness discussion be useful?",Verified public profile + website; security need is an inference,Public LinkedIn company profile / company website
Prince International Distribution,https://prince-distribution.com/,Information Technology & Services,"Nairobi, Kenya",51-200,ICT and lubricants distribution with regional supply-chain operations,Needs Review,47,Low Priority,Rule-based score: size=51-200; sector risk=Information Technology & Services; observed exposure=Distribution + warehousing + regional systems.,Distribution + warehousing + regional systems,Not verified,IT Manager / Operations Technology,"Hi {first_name}, I noticed Prince International Distribution operates in information technology & services and distribution + warehousing + regional systems. That combination usually makes visibility around access, data protection and operational security important. Would a short security-readiness discussion be useful?",Verified public profile + website; security need is an inference,Public LinkedIn company profile / company website
ATLANCIS Technologies,http://www.atlancis.com/,Information Technology & Services,"Nairobi, Kenya",51-200,"Technology integrator covering cloud, cybersecurity, IoT, AI and enterprise platforms",Needs Review,40,Low Priority,Rule-based score: size=51-200; sector risk=Information Technology & Services; observed exposure=Cloud/IoT/enterprise infrastructure.,Cloud/IoT/enterprise infrastructure,Not verified,CTO / Security Lead,"Hi {first_name}, I noticed ATLANCIS Technologies operates in information technology & services and cloud/iot/enterprise infrastructure. That combination usually makes visibility around access, data protection and operational security important. Would a short security-readiness discussion be useful?",Verified public profile + website; security need is an inference,Public LinkedIn company profile / company website
Sight and Sound Computers,http://www.sightsoundke.com/,Information Technology & Services,"Nairobi, Kenya",51-200,ICT solutions and technology services provider,Needs Review,37,Low Priority,Rule-based score: size=51-200; sector risk=Information Technology & Services; observed exposure=Managed ICT + enterprise client environments.,Managed ICT + enterprise client environments,Not verified,IT Director / Security Lead,"Hi {first_name}, I noticed Sight and Sound Computers operates in information technology & services and managed ict + enterprise client environments. That combination usually makes visibility around access, data protection and operational security important. Would a short security-readiness discussion be useful?",Verified public profile + website; security need is an inference,Public LinkedIn company profile / company website
HSC Systems Limited,https://www.hsc.co.ke/,Information Technology & Services,"Nairobi, Kenya",51-200,"Systems integrator covering hotel Wi-Fi, access control, networks and building systems",Needs Review,37,Low Priority,Rule-based score: size=51-200; sector risk=Information Technology & Services; observed exposure=Connected physical + digital infrastructure.,Connected physical + digital infrastructure,Not verified,CTO / Security Lead,"Hi {first_name}, I noticed HSC Systems Limited operates in information technology & services and connected physical + digital infrastructure. That combination usually makes visibility around access, data protection and operational security important. Would a short security-readiness discussion be useful?",Verified public profile + website; security need is an inference,Public LinkedIn company profile / company website
Pan Pacific Serviced Suites Nairobi,https://www.panpacific.com/en/serviced-suites/pp-ss-nairobi.html,Hospitality,"Nairobi, Kenya",51-200,"Serviced suites with meetings, dining, guest and event facilities",Needs Review,33,Low Priority,Rule-based score: size=51-200; sector risk=Hospitality; observed exposure=Guest data + Wi-Fi + payment/event systems.,Guest data + Wi-Fi + payment/event systems,Not verified,IT Manager / Security Lead,"Hi {first_name}, I noticed Pan Pacific Serviced Suites Nairobi operates in hospitality and guest data + wi-fi + payment/event systems. That combination usually makes visibility around access, data protection and operational security important. Would a short security-readiness discussion be useful?",Verified public profile + website; security need is an inference,Public LinkedIn company profile / company website
Mercure Hotel Nairobi Upperhill,https://all.accor.com/brands/mercure.en.shtml,Hospitality,"Nairobi, Kenya",51-200,Hotel operation with guest accommodation and hospitality services,Needs Review,33,Low Priority,Rule-based score: size=51-200; sector risk=Hospitality; observed exposure=Guest data + payment + networked hotel systems.,Guest data + payment + networked hotel systems,Not verified,IT Manager / Security Lead,"Hi {first_name}, I noticed Mercure Hotel Nairobi Upperhill operates in hospitality and guest data + payment + networked hotel systems. That combination usually makes visibility around access, data protection and operational security important. Would a short security-readiness discussion be useful?",Verified public profile + website; security need is an inference,Public LinkedIn company profile / company website
Tamarind Tree Hotel Nairobi,www.tamarindtree-hotels.com,Hospitality,"Nairobi, Kenya",51-200,"Hotel with accommodation, conferencing, events and restaurants",Needs Review,30,Low Priority,Rule-based score: size=51-200; sector risk=Hospitality; observed exposure=Guest + event + payment systems.,Guest + event + payment systems,Not verified,IT Manager / Operations Manager,"Hi {first_name}, I noticed Tamarind Tree Hotel Nairobi operates in hospitality and guest + event + payment systems. That combination usually makes visibility around access, data protection and operational security important. Would a short security-readiness discussion be useful?",Verified public profile + website; security need is an inference,Public LinkedIn company profile / company website
The Social House Nairobi,https://www.thesocialhouse.ke/,Hospitality,"Nairobi, Kenya",51-200,"Hotel with rooms, event spaces, restaurants, pool and gym",Needs Review,40,Low Priority,Rule-based score: size=51-200; sector risk=Hospitality; observed exposure=Guest data + multiple connected services.,Guest data + multiple connected services,Not verified,IT Manager / Security Lead,"Hi {first_name}, I noticed The Social House Nairobi operates in hospitality and guest data + multiple connected services. That combination usually makes visibility around access, data protection and operational security important. Would a short security-readiness discussion be useful?",Verified public profile + website; security need is an inference,Public LinkedIn company profile / company website
Kenya Reinsurance Corporation,http://www.kenyare.co.ke/,Financial Services,"Nairobi, Kenya",51-200,Reinsurance provider serving multiple regional markets,Qualified,63,Medium Priority,Rule-based score: size=51-200; sector risk=Financial Services; observed exposure=Financial records + regulated industry + regional operations.,Financial records + regulated industry + regional operations,Not verified,CIO / Information Security Lead,"Hi {first_name}, I noticed Kenya Reinsurance Corporation operates in financial services and financial records + regulated industry + regional operations. That combination usually makes visibility around access, data protection and operational security important. Would a short security-readiness discussion be useful?",Verified public profile + website; security need is an inference,Public LinkedIn company profile / company website
Escrow Group,https://escrowgroup.org/,Financial Services,"Nairobi, Kenya",51-200,"Pan-African fintech group offering trading, settlement, banking, payments and investment administration",Qualified,66,Medium Priority,Rule-based score: size=51-200; sector risk=Financial Services; observed exposure=Financial transactions + multiple business units.,Financial transactions + multiple business units,Not verified,CIO / CTO,"Hi {first_name}, I noticed Escrow Group operates in financial services and financial transactions + multiple business units. That combination usually makes visibility around access, data protection and operational security important. Would a short security-readiness discussion be useful?",Verified public profile + website; security need is an inference,Public LinkedIn company profile / company website
Bloom Healthcare,https://bloomkenya.com/,Hospitals and Health Care,"Nairobi, Kenya",51-200,Healthcare organization operating specialized medical facilities,Qualified,63,Medium Priority,Rule-based score: size=51-200; sector risk=Hospitals and Health Care; observed exposure=Health information + multiple facilities.,Health information + multiple facilities,Not verified,IT Manager / Data Protection Lead,"Hi {first_name}, I noticed Bloom Healthcare operates in hospitals and health care and health information + multiple facilities. That combination usually makes visibility around access, data protection and operational security important. Would a short security-readiness discussion be useful?",Verified public profile + website; security need is an inference,Public LinkedIn company profile / company website
Syokimau ICD,https://syokimauicd.com/,"Transportation, Logistics, Supply Chain and Storage","Nairobi, Kenya",51-200,Inland container depot adjacent to the SGR Nairobi Terminus,Needs Review,36,Low Priority,"Rule-based score: size=51-200; sector risk=Transportation, Logistics, Supply Chain and Storage; observed exposure=Cargo + logistics systems + physical infrastructure.",Cargo + logistics systems + physical infrastructure,Not verified,IT Manager / Operations Technology,"Hi {first_name}, I noticed Syokimau ICD operates in transportation, logistics, supply chain and storage and cargo + logistics systems + physical infrastructure. That combination usually makes visibility around access, data protection and operational security important. Would a short security-readiness discussion be useful?",Verified public profile + website; security need is an inference,Public LinkedIn company profile / company website
Delta Handling Services,http://www.deltahs.com/,"Transportation, Logistics, Supply Chain and Storage","Nairobi, Kenya",51-200,Ground handling/logistics business operating across multiple African locations,Needs Review,49,Low Priority,"Rule-based score: size=51-200; sector risk=Transportation, Logistics, Supply Chain and Storage; observed exposure=Distributed operations + cargo/aviation data.",Distributed operations + cargo/aviation data,Not verified,IT Manager / Security Lead,"Hi {first_name}, I noticed Delta Handling Services operates in transportation, logistics, supply chain and storage and distributed operations + cargo/aviation data. That combination usually makes visibility around access, data protection and operational security important. Would a short security-readiness discussion be useful?",Verified public profile + website; security need is an inference,Public LinkedIn company profile / company website
MYDAWA,https://mydawa.com/,Healthcare / E-Commerce,"Nairobi, Kenya",201-500,Digital healthcare and pharmacy e-commerce platform,Qualified,67,Medium Priority,Rule-based score: size=201-500; sector risk=Healthcare / E-Commerce; observed exposure=Health + e-commerce + payment/customer data.,Health + e-commerce + payment/customer data,Not verified,CTO / Information Security Lead,"Hi {first_name}, I noticed MYDAWA operates in healthcare / e-commerce and health + e-commerce + payment/customer data. That combination usually makes visibility around access, data protection and operational security important. Would a short security-readiness discussion be useful?",Verified public profile + website; security need is an inference,Public LinkedIn company profile / company website
