company,website,industry,location,company_size,opportunity_score,priority,qualification_status,qualification_explanation,business_observations,decision_maker_name,decision_maker_title,decision_maker_confidence,recommended_role,outreach_message,exposure_signals,regulatory_signals,size_score,sector_score,exposure_score,complexity_score,regulatory_score,bonus_score,website_reachable,llm_used,pipeline_status,source_urls
FlexPay Technologies,https://www.flexpay.co.ke/,Financial Services,"Nairobi, Kenya",51-200,70,High Priority,Qualified,Deterministic score: 70/100 (High Priority). Size band: 51-200 (+15 pts). Sector risk 'Financial Services' (+25 pts). Exposure signals detected: 4 (+20 pts). Operational complexity: +0 pts. Regulatory sensitivity: +10 pts.,"Identified 4 cybersecurity-relevant exposure signal(s): digital payments, merchant financial data, mobile transactions. | Operating under regulatory framework(s): CBK oversight likely, payment processing regulation. | Operational complexity noted: multi-merchant network.",Not verified,Not verified,Unknown,CIO / IT Director / Information Security Lead,"Hi [Contact], I came across FlexPay Technologies and noticed your work in Financial Services. With digital payments, merchant financial data, security readiness is often a priority for organisations at your stage. Would a brief conversation about how we help similar companies be worthwhile?",digital payments | merchant financial data | mobile transactions | customer PII,CBK oversight likely | payment processing regulation,15,25,20,0,10,0,,False,ok,https://www.flexpay.co.ke/ | https://www.linkedin.com/company/flexpay-technologies/ | https://www.flexpay.co.ke/ | https://www.flexpay.co.ke/ | https://www.flexpay.co.ke/ | https://www.flexpay.co.ke/
Jumia Kenya,https://www.jumia.co.ke/,"Technology, Information and Internet","Nairobi, Kenya",201-500,78,High Priority,Qualified,"Deterministic score: 78/100 (High Priority). Size band: 201-500 (+20 pts). Sector risk 'Technology, Information and Internet' (+18 pts). Exposure signals detected: 4 (+20 pts). Operational complexity: +10 pts. Regulatory sensitivity: +10 pts.","Identified 4 cybersecurity-relevant exposure signal(s): large digital customer footprint, online payment processing, customer PII at scale. | Operating under regulatory framework(s): data protection regulation, payment processing. | Operational complexity noted: nationwide logistics.",Not verified,Not verified,Unknown,CTO / Information Security Lead / Head of IT,"Hi [Contact], I came across Jumia Kenya and noticed your work in Technology, Information and Internet. With large digital customer footprint, online payment processing, security readiness is often a priority for organisations at your stage. Would a brief conversation about how we help similar companies be worthwhile?",large digital customer footprint | online payment processing | customer PII at scale | e-commerce transactions,data protection regulation | payment processing,20,18,20,10,10,0,,False,ok,https://www.jumia.co.ke/ | https://www.linkedin.com/company/jumia-kenya/ | https://www.jumia.co.ke/ | https://www.jumia.co.ke/ | https://www.jumia.co.ke/ | https://www.jumia.co.ke/
MFS Technologies Limited,https://www.mfs.co.ke/,Financial Services,"Nairobi, Kenya",51-200,75,High Priority,Qualified,Deterministic score: 75/100 (High Priority). Size band: 51-200 (+15 pts). Sector risk 'Financial Services' (+25 pts). Exposure signals detected: 5 (+25 pts). Operational complexity: +0 pts. Regulatory sensitivity: +10 pts.,"Identified 5 cybersecurity-relevant exposure signal(s): regulated digital finance, sensitive customer data, e-KYC identity data. | Operating under regulatory framework(s): CBK regulated, data protection act applicable. | Operational complexity noted: serves multiple banks.",Not verified,Not verified,Unknown,CIO / IT Director / Information Security Lead,"Hi [Contact], I came across MFS Technologies Limited and noticed your work in Financial Services. With regulated digital finance, sensitive customer data, security readiness is often a priority for organisations at your stage. Would a brief conversation about how we help similar companies be worthwhile?",regulated digital finance | sensitive customer data | e-KYC identity data | lending platform | bank API integrations,CBK regulated | data protection act applicable | KYC/AML requirements,15,25,25,0,10,0,,False,ok,https://www.mfs.co.ke/ | https://www.linkedin.com/company/mfs-technologies-limited/ | https://www.mfs.co.ke/ | https://www.mfs.co.ke/ | https://www.mfs.co.ke/ | https://www.mfs.co.ke/ | https://www.mfs.co.ke/
LendPlus Kenya,https://lendplus.ke/,Financial Services,"Nairobi, Kenya",51-200,65,Medium Priority,Qualified,Deterministic score: 65/100 (Medium Priority). Size band: 51-200 (+15 pts). Sector risk 'Financial Services' (+25 pts). Exposure signals detected: 4 (+15 pts). Operational complexity: +0 pts. Regulatory sensitivity: +10 pts.,"Identified 4 cybersecurity-relevant exposure signal(s): mobile lending, client financial verification, loan applicant PII. | Operating under regulatory framework(s): CBK digital credit provider licensing, data protection obligations. | Operational complexity noted: mobile-first operations.",Not verified,Not verified,Unknown,CIO / IT Director / Information Security Lead,"Hi [Contact], I came across LendPlus Kenya and noticed your work in Financial Services. With mobile lending, client financial verification, security readiness is often a priority for organisations at your stage. Would a brief conversation about how we help similar companies be worthwhile?",mobile lending | client financial verification | loan applicant PII | credit scoring data,CBK digital credit provider licensing | data protection obligations,15,25,15,0,10,0,,False,ok,https://lendplus.ke/ | https://lendplus.ke/ | https://lendplus.ke/ | https://lendplus.ke/ | https://lendplus.ke/
Izwe Kenya,https://www.izwekenya.com/,Financial Services,"Nairobi, Kenya",51-200,70,High Priority,Qualified,Deterministic score: 70/100 (High Priority). Size band: 51-200 (+15 pts). Sector risk 'Financial Services' (+25 pts). Exposure signals detected: 4 (+20 pts). Operational complexity: +0 pts. Regulatory sensitivity: +10 pts.,"Identified 4 cybersecurity-relevant exposure signal(s): financial data, regulated credit operations, insurance-linked data. | Operating under regulatory framework(s): CBK credit provider regulation, IRA Kenya oversight. | Operational complexity noted: branch network.",Not verified,Not verified,Unknown,CIO / IT Director / Information Security Lead,"Hi [Contact], I came across Izwe Kenya and noticed your work in Financial Services. With financial data, regulated credit operations, security readiness is often a priority for organisations at your stage. Would a brief conversation about how we help similar companies be worthwhile?",financial data | regulated credit operations | insurance-linked data | cashless payment systems,CBK credit provider regulation | IRA Kenya oversight,15,25,20,0,10,0,,False,ok,https://www.izwekenya.com/ | https://www.linkedin.com/company/izwe-loans/ | https://www.izwekenya.com/ | https://www.izwekenya.com/ | https://www.izwekenya.com/ | https://www.izwekenya.com/
Data Integrated Limited (DIL),http://www.dataintegrated.co.ke/,Financial Services,"Nairobi, Kenya",51-200,60,Medium Priority,Qualified,Deterministic score: 60/100 (Medium Priority). Size band: 51-200 (+15 pts). Sector risk 'Financial Services' (+25 pts). Exposure signals detected: 5 (+10 pts). Operational complexity: +0 pts. Regulatory sensitivity: +10 pts.,"Identified 5 cybersecurity-relevant exposure signal(s): payment systems, payroll data, POS terminal network. | Operating under regulatory framework(s): payment processing regulation, payroll data obligations. | Operational complexity noted: public transport infrastructure.",Not verified,Not verified,Unknown,CIO / IT Director / Information Security Lead,"Hi [Contact], I came across Data Integrated Limited (DIL) and noticed your work in Financial Services. With payment systems, payroll data, security readiness is often a priority for organisations at your stage. Would a brief conversation about how we help similar companies be worthwhile?",payment systems | payroll data | POS terminal network | transit ticketing | multiple transaction systems,payment processing regulation | payroll data obligations,15,25,10,0,10,0,,False,ok,http://www.dataintegrated.co.ke/ | https://www.linkedin.com/company/data-integrated-limited/ | http://www.dataintegrated.co.ke/ | http://www.dataintegrated.co.ke/ | http://www.dataintegrated.co.ke/ | http://www.dataintegrated.co.ke/ | http://www.dataintegrated.co.ke/
U&I Microfinance Bank,https://www.uni-microfinance.co.ke/,Banking,"Nairobi, Kenya",51-200,63,Medium Priority,Qualified,Deterministic score: 63/100 (Medium Priority). Size band: 51-200 (+15 pts). Sector risk 'Banking' (+25 pts). Exposure signals detected: 4 (+0 pts). Operational complexity: +10 pts. Regulatory sensitivity: +10 pts.,"Identified 4 cybersecurity-relevant exposure signal(s): licensed banking, deposit accounts, digital banking platform. | Operating under regulatory framework(s): CBK licensed microfinance bank, AML/CFT requirements. | Operational complexity noted: multi-branch environment.",Not verified,Not verified,Unknown,CIO / IT Director / Information Security Lead,"Hi [Contact], I came across U&I Microfinance Bank and noticed your work in Banking. With licensed banking, deposit accounts, security readiness is often a priority for organisations at your stage. Would a brief conversation about how we help similar companies be worthwhile?",licensed banking | deposit accounts | digital banking platform | customer financial records,CBK licensed microfinance bank | AML/CFT requirements | deposit protection,15,25,0,10,10,3,,False,ok,https://www.uni-microfinance.co.ke/ | https://www.linkedin.com/company/u-i-microfinance-bank/ | https://www.uni-microfinance.co.ke/ | https://www.uni-microfinance.co.ke/ | https://www.uni-microfinance.co.ke/ | https://www.uni-microfinance.co.ke/
Phoenix Capital Limited,http://phoenixcapitalkenya.co.ke/,Financial Services,"Nairobi, Kenya",51-200,70,High Priority,Qualified,Deterministic score: 70/100 (High Priority). Size band: 51-200 (+15 pts). Sector risk 'Financial Services' (+25 pts). Exposure signals detected: 4 (+10 pts). Operational complexity: +10 pts. Regulatory sensitivity: +10 pts.,"Identified 4 cybersecurity-relevant exposure signal(s): financial data, multi-branch operations, SME lending records. | Operating under regulatory framework(s): CBK oversight, microfinance regulation. | Operational complexity noted: multi-branch network.",Not verified,Not verified,Unknown,CIO / IT Director / Information Security Lead,"Hi [Contact], I came across Phoenix Capital Limited and noticed your work in Financial Services. With financial data, multi-branch operations, security readiness is often a priority for organisations at your stage. Would a brief conversation about how we help similar companies be worthwhile?",financial data | multi-branch operations | SME lending records | savings accounts,CBK oversight | microfinance regulation,15,25,10,10,10,0,,False,ok,http://phoenixcapitalkenya.co.ke/ | https://www.linkedin.com/company/phoenix-capital-limited/ | http://phoenixcapitalkenya.co.ke/ | http://phoenixcapitalkenya.co.ke/ | http://phoenixcapitalkenya.co.ke/ | http://phoenixcapitalkenya.co.ke/
Kenya Reinsurance Corporation,http://www.kenyare.co.ke/,Financial Services,"Nairobi, Kenya",51-200,65,Medium Priority,Qualified,Deterministic score: 65/100 (Medium Priority). Size band: 51-200 (+15 pts). Sector risk 'Financial Services' (+25 pts). Exposure signals detected: 4 (+0 pts). Operational complexity: +10 pts. Regulatory sensitivity: +10 pts.,"Identified 4 cybersecurity-relevant exposure signal(s): financial records at scale, regulated industry, regional operations. | Operating under regulatory framework(s): IRA Kenya, NSE listed. | Operational complexity noted: cross-border regional operations.",Not verified,Not verified,Unknown,CIO / IT Director / Information Security Lead,"Hi [Contact], I came across Kenya Reinsurance Corporation and noticed your work in Financial Services. With financial records at scale, regulated industry, security readiness is often a priority for organisations at your stage. Would a brief conversation about how we help similar companies be worthwhile?",financial records at scale | regulated industry | regional operations | investment data,IRA Kenya | NSE listed | strict regulatory reporting,15,25,0,10,10,5,,False,ok,http://www.kenyare.co.ke/ | https://www.linkedin.com/company/kenya-reinsurance-corporation/ | http://www.kenyare.co.ke/ | http://www.kenyare.co.ke/ | http://www.kenyare.co.ke/ | http://www.kenyare.co.ke/
Escrow Group,https://escrowgroup.org/,Financial Services,"Nairobi, Kenya",51-200,70,High Priority,Qualified,Deterministic score: 70/100 (High Priority). Size band: 51-200 (+15 pts). Sector risk 'Financial Services' (+25 pts). Exposure signals detected: 5 (+10 pts). Operational complexity: +10 pts. Regulatory sensitivity: +10 pts.,"Identified 5 cybersecurity-relevant exposure signal(s): financial transactions, settlement systems, multi-business unit data. | Operating under regulatory framework(s): multi-jurisdiction regulatory exposure, financial services regulation. | Operational complexity noted: Pan-African operations.",Not verified,Not verified,Unknown,CIO / IT Director / Information Security Lead,"Hi [Contact], I came across Escrow Group and noticed your work in Financial Services. With financial transactions, settlement systems, security readiness is often a priority for organisations at your stage. Would a brief conversation about how we help similar companies be worthwhile?",financial transactions | settlement systems | multi-business unit data | investment administration | cross-border payments,multi-jurisdiction regulatory exposure | financial services regulation,15,25,10,10,10,0,,False,ok,https://escrowgroup.org/ | https://www.linkedin.com/company/escrow-group/ | https://escrowgroup.org/ | https://escrowgroup.org/ | https://escrowgroup.org/ | https://escrowgroup.org/ | https://escrowgroup.org/
Adrian Kenya,http://www.adriankenya.com/,Telecommunications,"Nairobi, Kenya",201-500,60,Medium Priority,Qualified,Deterministic score: 60/100 (Medium Priority). Size band: 201-500 (+20 pts). Sector risk 'Telecommunications' (+20 pts). Exposure signals detected: 4 (+0 pts). Operational complexity: +10 pts. Regulatory sensitivity: +10 pts.,"Identified 4 cybersecurity-relevant exposure signal(s): critical telecom infrastructure, distributed project operations, ICT systems management. | Operating under regulatory framework(s): CA Kenya telecom regulation, energy sector compliance. | Operational complexity noted: distributed field operations.",Not verified,Not verified,Unknown,CIO / IT Director / Head of Network Security,"Hi [Contact], I came across Adrian Kenya and noticed your work in Telecommunications. With critical telecom infrastructure, distributed project operations, security readiness is often a priority for organisations at your stage. Would a brief conversation about how we help similar companies be worthwhile?",critical telecom infrastructure | distributed project operations | ICT systems management | energy infrastructure,CA Kenya telecom regulation | energy sector compliance,20,20,0,10,10,0,,False,ok,http://www.adriankenya.com/ | https://www.linkedin.com/company/adrian-kenya/ | http://www.adriankenya.com/ | http://www.adriankenya.com/ | http://www.adriankenya.com/ | http://www.adriankenya.com/
Bloom Healthcare,https://bloomkenya.com/,Hospitals and Health Care,"Nairobi, Kenya",51-200,63,Medium Priority,Qualified,Deterministic score: 63/100 (Medium Priority). Size band: 51-200 (+15 pts). Sector risk 'Hospitals and Health Care' (+25 pts). Exposure signals detected: 4 (+10 pts). Operational complexity: +0 pts. Regulatory sensitivity: +10 pts.,"Identified 4 cybersecurity-relevant exposure signal(s): patient health information, medical records, multiple facilities. | Operating under regulatory framework(s): MOH Kenya regulation, data protection act - health data. | Operational complexity noted: multi-facility operations.",Not verified,Not verified,Unknown,IT Manager / Data Protection Lead / CTO,"Hi [Contact], I came across Bloom Healthcare and noticed your work in Hospitals and Health Care. With patient health information, medical records, security readiness is often a priority for organisations at your stage. Would a brief conversation about how we help similar companies be worthwhile?",patient health information | medical records | multiple facilities | diagnostic data,MOH Kenya regulation | data protection act - health data,15,25,10,0,10,3,,False,ok,https://bloomkenya.com/ | https://www.linkedin.com/company/bloom-healthcare-kenya/ | https://bloomkenya.com/ | https://bloomkenya.com/ | https://bloomkenya.com/ | https://bloomkenya.com/
MYDAWA,https://mydawa.com/,Healthcare / E-Commerce,"Nairobi, Kenya",201-500,95,High Priority,Qualified,Deterministic score: 95/100 (High Priority). Size band: 201-500 (+20 pts). Sector risk 'Healthcare / E-Commerce' (+25 pts). Exposure signals detected: 5 (+25 pts). Operational complexity: +10 pts. Regulatory sensitivity: +10 pts.,"Identified 5 cybersecurity-relevant exposure signal(s): health information, e-commerce transactions, payment/customer data. | Operating under regulatory framework(s): Pharmacy and Poisons Board Kenya, data protection act - health + payments. | Operational complexity noted: digital-first healthcare.",Not verified,Not verified,Unknown,IT Manager / Data Protection Lead / CTO,"Hi [Contact], I came across MYDAWA and noticed your work in Healthcare / E-Commerce. With health information, e-commerce transactions, security readiness is often a priority for organisations at your stage. Would a brief conversation about how we help similar companies be worthwhile?",health information | e-commerce transactions | payment/customer data | prescription data | telemedicine records,Pharmacy and Poisons Board Kenya | data protection act - health + payments,20,25,25,10,10,5,,False,ok,https://mydawa.com/ | https://www.linkedin.com/company/mydawa/ | https://mydawa.com/ | https://mydawa.com/ | https://mydawa.com/ | https://mydawa.com/ | https://mydawa.com/
E&M Technology House Ltd,https://www.emtechhouse.co.ke/,Information Technology & Services,"Nairobi, Kenya",201-500,60,Medium Priority,Qualified,Deterministic score: 60/100 (Medium Priority). Size band: 201-500 (+20 pts). Sector risk 'Information Technology & Services' (+15 pts). Exposure signals detected: 4 (+5 pts). Operational complexity: +10 pts. Regulatory sensitivity: +10 pts.,"Identified 4 cybersecurity-relevant exposure signal(s): banking systems, government databases, enterprise integrations. | Operating under regulatory framework(s): banking IT compliance, government procurement standards. | Operational complexity noted: multi-client managed environments.",Not verified,Not verified,Unknown,CTO / Information Security Lead / Head of IT,"Hi [Contact], I came across E&M Technology House Ltd and noticed your work in Information Technology & Services. With banking systems, government databases, security readiness is often a priority for organisations at your stage. Would a brief conversation about how we help similar companies be worthwhile?",banking systems | government databases | enterprise integrations | core banking implementations,banking IT compliance | government procurement standards,20,15,5,10,10,0,,False,ok,https://www.emtechhouse.co.ke/ | https://www.linkedin.com/company/em-technology-house/ | https://www.emtechhouse.co.ke/ | https://www.emtechhouse.co.ke/ | https://www.emtechhouse.co.ke/ | https://www.emtechhouse.co.ke/
ATLANCIS Technologies,http://www.atlancis.com/,Information Technology & Services,"Nairobi, Kenya",51-200,55,Medium Priority,Qualified,Deterministic score: 55/100 (Medium Priority). Size band: 51-200 (+15 pts). Sector risk 'Information Technology & Services' (+15 pts). Exposure signals detected: 4 (+5 pts). Operational complexity: +10 pts. Regulatory sensitivity: +10 pts.,"Identified 4 cybersecurity-relevant exposure signal(s): cloud infrastructure management, IoT deployments, enterprise platforms. | Operating under regulatory framework(s): data protection obligations as MSP. | Operational complexity noted: managed service provider model.",Not verified,Not verified,Unknown,CTO / Information Security Lead / Head of IT,"Hi [Contact], I came across ATLANCIS Technologies and noticed your work in Information Technology & Services. With cloud infrastructure management, IoT deployments, security readiness is often a priority for organisations at your stage. Would a brief conversation about how we help similar companies be worthwhile?",cloud infrastructure management | IoT deployments | enterprise platforms | client environment access,data protection obligations as MSP,15,15,5,10,10,0,,False,ok,http://www.atlancis.com/ | https://www.linkedin.com/company/atlancis-technologies/ | http://www.atlancis.com/ | http://www.atlancis.com/ | http://www.atlancis.com/ | http://www.atlancis.com/
Correlaction,https://www.correlaction.com/,Operations Consulting,"Nairobi, Kenya",51-200,35,Low Priority,Needs Review,Deterministic score: 35/100 (Low Priority). Size band: 51-200 (+15 pts). Sector risk 'Operations Consulting' (+10 pts). Exposure signals detected: 3 (+0 pts). Operational complexity: +10 pts. Regulatory sensitivity: +0 pts.,"Identified 3 cybersecurity-relevant exposure signal(s): data analytics platforms, client operations data, regional expansion. | Operational complexity noted: multi-client data environments.",Not verified,Not verified,Unknown,CTO / Information Security Lead / Head of IT,"Hi [Contact], I came across Correlaction and noticed your work in Operations Consulting. With data analytics platforms, client operations data, security readiness is often a priority for organisations at your stage. Would a brief conversation about how we help similar companies be worthwhile?",data analytics platforms | client operations data | regional expansion,,15,10,0,10,0,0,,False,ok,https://www.correlaction.com/ | https://www.linkedin.com/company/correlaction/ | https://www.correlaction.com/ | https://www.correlaction.com/ | https://www.correlaction.com/
AI Wakforce,https://www.aiwakforce.com/,Information Technology & Services,"Nairobi, Kenya",201-500,60,Medium Priority,Qualified,Deterministic score: 60/100 (Medium Priority). Size band: 201-500 (+20 pts). Sector risk 'Information Technology & Services' (+15 pts). Exposure signals detected: 4 (+5 pts). Operational complexity: +10 pts. Regulatory sensitivity: +10 pts.,"Identified 4 cybersecurity-relevant exposure signal(s): AI/ML workloads, client datasets, data annotation pipelines. | Operating under regulatory framework(s): data processing agreements, international data transfer obligations. | Operational complexity noted: large distributed workforce.",Not verified,Not verified,Unknown,CTO / Information Security Lead / Head of IT,"Hi [Contact], I came across AI Wakforce and noticed your work in Information Technology & Services. With AI/ML workloads, client datasets, security readiness is often a priority for organisations at your stage. Would a brief conversation about how we help similar companies be worthwhile?",AI/ML workloads | client datasets | data annotation pipelines | global data handling,data processing agreements | international data transfer obligations,20,15,5,10,10,0,,False,ok,https://www.aiwakforce.com/ | https://www.linkedin.com/company/aiwakforce/ | https://www.aiwakforce.com/ | https://www.aiwakforce.com/ | https://www.aiwakforce.com/ | https://www.aiwakforce.com/
Andikka Technologies,https://andikka.com/,Business Consulting and Services,"Nairobi, Kenya",201-500,53,Medium Priority,Qualified,Deterministic score: 53/100 (Medium Priority). Size band: 201-500 (+20 pts). Sector risk 'Business Consulting and Services' (+8 pts). Exposure signals detected: 3 (+5 pts). Operational complexity: +10 pts. Regulatory sensitivity: +10 pts.,"Identified 3 cybersecurity-relevant exposure signal(s): BPO customer data, large distributed workforce, technical support access to client systems. | Operating under regulatory framework(s): data processing agreements, client contractual obligations. | Operational complexity noted: large headcount.",Not verified,Not verified,Unknown,CTO / Information Security Lead / Head of IT,"Hi [Contact], I came across Andikka Technologies and noticed your work in Business Consulting and Services. With BPO customer data, large distributed workforce, security readiness is often a priority for organisations at your stage. Would a brief conversation about how we help similar companies be worthwhile?",BPO customer data | large distributed workforce | technical support access to client systems,data processing agreements | client contractual obligations,20,8,5,10,10,0,,False,ok,https://andikka.com/ | https://www.linkedin.com/company/andikka-technologies/ | https://andikka.com/ | https://andikka.com/ | https://andikka.com/
Blue Wave International Limited,http://www.bluewave.co.ke/,IT Services and IT Consulting,"Nairobi, Kenya",201-500,45,Low Priority,Needs Review,Deterministic score: 45/100 (Low Priority). Size band: 201-500 (+20 pts). Sector risk 'IT Services and IT Consulting' (+15 pts). Exposure signals detected: 4 (+0 pts). Operational complexity: +0 pts. Regulatory sensitivity: +10 pts.,"Identified 4 cybersecurity-relevant exposure signal(s): complex software environments, AI/data systems, blockchain deployments. | Operating under regulatory framework(s): government client compliance requirements. | Operational complexity noted: multi-technology stack.",Not verified,Not verified,Unknown,CTO / Information Security Lead / Head of IT,"Hi [Contact], I came across Blue Wave International Limited and noticed your work in IT Services and IT Consulting. With complex software environments, AI/data systems, security readiness is often a priority for organisations at your stage. Would a brief conversation about how we help similar companies be worthwhile?",complex software environments | AI/data systems | blockchain deployments | enterprise client access,government client compliance requirements,20,15,0,0,10,0,,False,ok,http://www.bluewave.co.ke/ | https://www.linkedin.com/company/blue-wave-international/ | http://www.bluewave.co.ke/ | http://www.bluewave.co.ke/ | http://www.bluewave.co.ke/ | http://www.bluewave.co.ke/
Pensoft,http://www.pensoft.co.ke/,Information Technology & Services,"Nairobi, Kenya",51-200,55,Medium Priority,Qualified,Deterministic score: 55/100 (Medium Priority). Size band: 51-200 (+15 pts). Sector risk 'Information Technology & Services' (+15 pts). Exposure signals detected: 4 (+15 pts). Operational complexity: +0 pts. Regulatory sensitivity: +10 pts.,"Identified 4 cybersecurity-relevant exposure signal(s): insurance management systems, pension fund data, healthcare software. | Operating under regulatory framework(s): insurance regulatory compliance, RBA pension data obligations. | Operational complexity noted: sensitive sector specialization.",Not verified,Not verified,Unknown,CTO / Information Security Lead / Head of IT,"Hi [Contact], I came across Pensoft and noticed your work in Information Technology & Services. With insurance management systems, pension fund data, security readiness is often a priority for organisations at your stage. Would a brief conversation about how we help similar companies be worthwhile?",insurance management systems | pension fund data | healthcare software | fintech platform data,insurance regulatory compliance | RBA pension data obligations,15,15,15,0,10,0,,False,ok,http://www.pensoft.co.ke/ | https://www.linkedin.com/company/pensoft-kenya/ | http://www.pensoft.co.ke/ | http://www.pensoft.co.ke/ | http://www.pensoft.co.ke/ | http://www.pensoft.co.ke/
NIIT Kenya,http://www.niitkenya.com/,Information Technology & Services,"Nairobi, Kenya",51-200,35,Low Priority,Needs Review,Deterministic score: 35/100 (Low Priority). Size band: 51-200 (+15 pts). Sector risk 'Information Technology & Services' (+15 pts). Exposure signals detected: 3 (+5 pts). Operational complexity: +0 pts. Regulatory sensitivity: +0 pts.,"Identified 3 cybersecurity-relevant exposure signal(s): enterprise systems access, learner/candidate PII, corporate training data. | Operational complexity noted: multi-employer relationships.",Not verified,Not verified,Unknown,CTO / Information Security Lead / Head of IT,"Hi [Contact], I came across NIIT Kenya and noticed your work in Information Technology & Services. With enterprise systems access, learner/candidate PII, security readiness is often a priority for organisations at your stage. Would a brief conversation about how we help similar companies be worthwhile?",enterprise systems access | learner/candidate PII | corporate training data,,15,15,5,0,0,0,,False,ok,http://www.niitkenya.com/ | https://www.linkedin.com/company/niit-kenya/ | http://www.niitkenya.com/ | http://www.niitkenya.com/ | http://www.niitkenya.com/
Prince International Distribution,https://prince-distribution.com/,Information Technology & Services,"Nairobi, Kenya",51-200,30,Low Priority,Needs Review,Deterministic score: 30/100 (Low Priority). Size band: 51-200 (+15 pts). Sector risk 'Information Technology & Services' (+15 pts). Exposure signals detected: 3 (+0 pts). Operational complexity: +0 pts. Regulatory sensitivity: +0 pts.,"Identified 3 cybersecurity-relevant exposure signal(s): distribution management systems, warehousing operations, regional supply-chain data. | Operational complexity noted: multi-region distribution.",Not verified,Not verified,Unknown,CTO / Information Security Lead / Head of IT,"Hi [Contact], I came across Prince International Distribution and noticed your work in Information Technology & Services. With distribution management systems, warehousing operations, security readiness is often a priority for organisations at your stage. Would a brief conversation about how we help similar companies be worthwhile?",distribution management systems | warehousing operations | regional supply-chain data,,15,15,0,0,0,0,,False,ok,https://prince-distribution.com/ | https://prince-distribution.com/ | https://prince-distribution.com/ | https://prince-distribution.com/
HSC Systems Limited,https://www.hsc.co.ke/,Information Technology & Services,"Nairobi, Kenya",51-200,50,Medium Priority,Qualified,Deterministic score: 50/100 (Medium Priority). Size band: 51-200 (+15 pts). Sector risk 'Information Technology & Services' (+15 pts). Exposure signals detected: 4 (+0 pts). Operational complexity: +10 pts. Regulatory sensitivity: +10 pts.,"Identified 4 cybersecurity-relevant exposure signal(s): connected physical security systems, hotel network infrastructure, access control management. | Operating under regulatory framework(s): guest data obligations via hospitality clients. | Operational complexity noted: multi-client physical + digital infrastructure.",Not verified,Not verified,Unknown,CTO / Information Security Lead / Head of IT,"Hi [Contact], I came across HSC Systems Limited and noticed your work in Information Technology & Services. With connected physical security systems, hotel network infrastructure, security readiness is often a priority for organisations at your stage. Would a brief conversation about how we help similar companies be worthwhile?",connected physical security systems | hotel network infrastructure | access control management | building automation,guest data obligations via hospitality clients,15,15,0,10,10,0,,False,ok,https://www.hsc.co.ke/ | https://www.linkedin.com/company/hsc-systems/ | https://www.hsc.co.ke/ | https://www.hsc.co.ke/ | https://www.hsc.co.ke/ | https://www.hsc.co.ke/
Sight and Sound Computers,http://www.sightsoundke.com/,Information Technology & Services,"Nairobi, Kenya",51-200,40,Low Priority,Needs Review,Deterministic score: 40/100 (Low Priority). Size band: 51-200 (+15 pts). Sector risk 'Information Technology & Services' (+15 pts). Exposure signals detected: 3 (+0 pts). Operational complexity: +10 pts. Regulatory sensitivity: +0 pts.,"Identified 3 cybersecurity-relevant exposure signal(s): managed ICT services, enterprise client environments, technical support access. | Operational complexity noted: managed service model.",Not verified,Not verified,Unknown,CTO / Information Security Lead / Head of IT,"Hi [Contact], I came across Sight and Sound Computers and noticed your work in Information Technology & Services. With managed ICT services, enterprise client environments, security readiness is often a priority for organisations at your stage. Would a brief conversation about how we help similar companies be worthwhile?",managed ICT services | enterprise client environments | technical support access,,15,15,0,10,0,0,,False,ok,http://www.sightsoundke.com/ | https://www.linkedin.com/company/sight-and-sound-computers/ | http://www.sightsoundke.com/ | http://www.sightsoundke.com/ | http://www.sightsoundke.com/
Pan Pacific Serviced Suites Nairobi,https://www.panpacific.com/en/serviced-suites/pp-ss-nairobi.html,Hospitality,"Nairobi, Kenya",51-200,40,Low Priority,Needs Review,Deterministic score: 40/100 (Low Priority). Size band: 51-200 (+15 pts). Sector risk 'Hospitality' (+10 pts). Exposure signals detected: 4 (+5 pts). Operational complexity: +0 pts. Regulatory sensitivity: +10 pts.,"Identified 4 cybersecurity-relevant exposure signal(s): guest data, hotel Wi-Fi network, payment systems. | Operating under regulatory framework(s): international data protection standards, PCI-DSS for payments. | Operational complexity noted: international brand standards.",Not verified,Not verified,Unknown,IT Manager / Operations Manager / General Manager,"Hi [Contact], I came across Pan Pacific Serviced Suites Nairobi and noticed your work in Hospitality. With guest data, hotel Wi-Fi network, security readiness is often a priority for organisations at your stage. Would a brief conversation about how we help similar companies be worthwhile?",guest data | hotel Wi-Fi network | payment systems | event management systems,international data protection standards | PCI-DSS for payments,15,10,5,0,10,0,,False,ok,https://www.panpacific.com/en/serviced-suites/pp-ss-nairobi.html | https://www.panpacific.com/en/serviced-suites/pp-ss-nairobi.html | https://www.panpacific.com/en/serviced-suites/pp-ss-nairobi.html | https://www.panpacific.com/en/serviced-suites/pp-ss-nairobi.html | https://www.panpacific.com/en/serviced-suites/pp-ss-nairobi.html
Mercure Hotel Nairobi Upperhill,https://all.accor.com/hotel/9255/index.en.shtml,Hospitality,"Nairobi, Kenya",51-200,40,Low Priority,Needs Review,Deterministic score: 40/100 (Low Priority). Size band: 51-200 (+15 pts). Sector risk 'Hospitality' (+10 pts). Exposure signals detected: 4 (+5 pts). Operational complexity: +0 pts. Regulatory sensitivity: +10 pts.,"Identified 4 cybersecurity-relevant exposure signal(s): guest data, payment systems, networked hotel systems. | Operating under regulatory framework(s): PCI-DSS for payments, GDPR for international guests. | Operational complexity noted: international brand compliance.",Not verified,Not verified,Unknown,IT Manager / Operations Manager / General Manager,"Hi [Contact], I came across Mercure Hotel Nairobi Upperhill and noticed your work in Hospitality. With guest data, payment systems, security readiness is often a priority for organisations at your stage. Would a brief conversation about how we help similar companies be worthwhile?",guest data | payment systems | networked hotel systems | conference room booking,PCI-DSS for payments | GDPR for international guests,15,10,5,0,10,0,,False,ok,https://all.accor.com/hotel/9255/index.en.shtml | https://all.accor.com/hotel/9255/index.en.shtml | https://all.accor.com/hotel/9255/index.en.shtml | https://all.accor.com/hotel/9255/index.en.shtml | https://all.accor.com/hotel/9255/index.en.shtml
Tamarind Tree Hotel Nairobi,https://www.tamarindtree-hotels.com,Hospitality,"Nairobi, Kenya",51-200,35,Low Priority,Needs Review,Deterministic score: 35/100 (Low Priority). Size band: 51-200 (+15 pts). Sector risk 'Hospitality' (+10 pts). Exposure signals detected: 4 (+10 pts). Operational complexity: +0 pts. Regulatory sensitivity: +0 pts.,"Identified 4 cybersecurity-relevant exposure signal(s): guest PII, event management data, payment systems. | Operational complexity noted: multi-venue events.",Not verified,Not verified,Unknown,IT Manager / Operations Manager / General Manager,"Hi [Contact], I came across Tamarind Tree Hotel Nairobi and noticed your work in Hospitality. With guest PII, event management data, security readiness is often a priority for organisations at your stage. Would a brief conversation about how we help similar companies be worthwhile?",guest PII | event management data | payment systems | restaurant POS,,15,10,10,0,0,0,,False,ok,https://www.tamarindtree-hotels.com | https://www.tamarindtree-hotels.com | https://www.tamarindtree-hotels.com | https://www.tamarindtree-hotels.com | https://www.tamarindtree-hotels.com
The Social House Nairobi,https://www.thesocialhouse.ke/,Hospitality,"Nairobi, Kenya",51-200,27,Low Priority,Needs Review,Deterministic score: 27/100 (Low Priority). Size band: 51-200 (+15 pts). Sector risk 'Hospitality' (+10 pts). Exposure signals detected: 4 (+0 pts). Operational complexity: +0 pts. Regulatory sensitivity: +0 pts.,"Identified 4 cybersecurity-relevant exposure signal(s): guest data, multiple connected services, F&B POS systems. | Operational complexity noted: multi-service property.",Not verified,Not verified,Unknown,IT Manager / Operations Manager / General Manager,"Hi [Contact], I came across The Social House Nairobi and noticed your work in Hospitality. With guest data, multiple connected services, security readiness is often a priority for organisations at your stage. Would a brief conversation about how we help similar companies be worthwhile?",guest data | multiple connected services | F&B POS systems | event booking data,,15,10,0,0,0,2,,False,ok,https://www.thesocialhouse.ke/ | https://www.linkedin.com/company/the-social-house-nairobi/ | https://www.thesocialhouse.ke/ | https://www.thesocialhouse.ke/ | https://www.thesocialhouse.ke/ | https://www.thesocialhouse.ke/
Syokimau ICD,https://syokimauicd.com/,"Transportation, Logistics, Supply Chain and Storage","Nairobi, Kenya",51-200,37,Low Priority,Needs Review,"Deterministic score: 37/100 (Low Priority). Size band: 51-200 (+15 pts). Sector risk 'Transportation, Logistics, Supply Chain and Storage' (+12 pts). Exposure signals detected: 4 (+0 pts). Operational complexity: +0 pts. Regulatory sensitivity: +10 pts.","Identified 4 cybersecurity-relevant exposure signal(s): cargo management systems, customs documentation, logistics operations data. | Operating under regulatory framework(s): KRA customs compliance, KEBS standards. | Operational complexity noted: critical infrastructure adjacent to SGR.",Not verified,Not verified,Unknown,IT Manager / Operations Technology Lead,"Hi [Contact], I came across Syokimau ICD and noticed your work in Transportation, Logistics, Supply Chain and Storage. With cargo management systems, customs documentation, security readiness is often a priority for organisations at your stage. Would a brief conversation about how we help similar companies be worthwhile?",cargo management systems | customs documentation | logistics operations data | physical infrastructure,KRA customs compliance | KEBS standards,15,12,0,0,10,0,,False,ok,https://syokimauicd.com/ | https://www.linkedin.com/company/syokimau-icd/ | https://syokimauicd.com/ | https://syokimauicd.com/ | https://syokimauicd.com/ | https://syokimauicd.com/
Delta Handling Services,http://www.deltahs.com/,"Transportation, Logistics, Supply Chain and Storage","Nairobi, Kenya",51-200,47,Low Priority,Needs Review,"Deterministic score: 47/100 (Low Priority). Size band: 51-200 (+15 pts). Sector risk 'Transportation, Logistics, Supply Chain and Storage' (+12 pts). Exposure signals detected: 4 (+0 pts). Operational complexity: +10 pts. Regulatory sensitivity: +10 pts.","Identified 4 cybersecurity-relevant exposure signal(s): distributed multi-location operations, cargo data, aviation/ground handling data. | Operating under regulatory framework(s): aviation authority compliance, KCAA regulations. | Operational complexity noted: multi-country African operations.",Not verified,Not verified,Unknown,IT Manager / Operations Technology Lead,"Hi [Contact], I came across Delta Handling Services and noticed your work in Transportation, Logistics, Supply Chain and Storage. With distributed multi-location operations, cargo data, security readiness is often a priority for organisations at your stage. Would a brief conversation about how we help similar companies be worthwhile?",distributed multi-location operations | cargo data | aviation/ground handling data | airline partner integrations,aviation authority compliance | KCAA regulations,15,12,0,10,10,0,,False,ok,http://www.deltahs.com/ | https://www.linkedin.com/company/delta-handling-services/ | http://www.deltahs.com/ | http://www.deltahs.com/ | http://www.deltahs.com/ | http://www.deltahs.com/
